128,3,125,113,0,40,88,6,0,0,0,104,101,105,103,104,116,113,1,75,7,88,1,0,0,0,121,113,2,75,8,88,2,0,0,0,105,100,113,3,75,1,88,5,0,0,0,119,105,100,116,104,113,4,75,10,88,1,0,0,0,120,113,5,75,2,117,46
128,3,125,113,0,40,88,6,0,0,0,104,101,105,103,104,116,113,1,75,4,88,1,0,0,0,121,113,2,75,0,88,2,0,0,0,105,100,113,3,75,2,88,5,0,0,0,119,105,100,116,104,113,4,75,2,88,1,0,0,0,120,113,5,75,0,117,46
128,3,125,113,0,40,88,1,0,0,0,121,113,1,75,8,88,6,0,0,0,104,101,105,103,104,116,113,2,75,7,88,1,0,0,0,120,113,3,75,2,88,2,0,0,0,105,100,113,4,75,1,88,5,0,0,0,119,105,100,116,104,113,5,75,10,117,46
128,3,125,113,0,40,88,1,0,0,0,121,113,1,75,0,88,6,0,0,0,104,101,105,103,104,116,113,2,75,4,88,1,0,0,0,120,113,3,75,0,88,2,0,0,0,105,100,113,4,75,2,88,5,0,0,0,119,105,100,116,104,113,5,75,2,117,46
128,3,125,113,0,40,88,6,0,0,0,104,101,105,103,104,116,113,1,75,7,88,1,0,0,0,121,113,2,75,8,88,2,0,0,0,105,100,113,3,75,1,88,5,0,0,0,119,105,100,116,104,113,4,75,10,88,1,0,0,0,120,113,5,75,2,117,46
128,3,125,113,0,40,88,6,0,0,0,104,101,105,103,104,116,113,1,75,4,88,1,0,0,0,121,113,2,75,0,88,2,0,0,0,105,100,113,3,75,2,88,5,0,0,0,119,105,100,116,104,113,4,75,2,88,1,0,0,0,120,113,5,75,0,117,46
128,3,125,113,0,40,88,1,0,0,0,121,113,1,75,8,88,2,0,0,0,105,100,113,2,75,1,88,5,0,0,0,119,105,100,116,104,113,3,75,10,88,6,0,0,0,104,101,105,103,104,116,113,4,75,7,88,1,0,0,0,120,113,5,75,2,117,46
128,3,125,113,0,40,88,1,0,0,0,121,113,1,75,0,88,2,0,0,0,105,100,113,2,75,2,88,5,0,0,0,119,105,100,116,104,113,3,75,2,88,6,0,0,0,104,101,105,103,104,116,113,4,75,4,88,1,0,0,0,120,113,5,75,0,117,46
128,3,125,113,0,40,88,5,0,0,0,119,105,100,116,104,113,1,75,10,88,1,0,0,0,120,113,2,75,2,88,2,0,0,0,105,100,113,3,75,1,88,1,0,0,0,121,113,4,75,8,88,6,0,0,0,104,101,105,103,104,116,113,5,75,7,117,46
128,3,125,113,0,40,88,5,0,0,0,119,105,100,116,104,113,1,75,2,88,1,0,0,0,120,113,2,75,0,88,2,0,0,0,105,100,113,3,75,2,88,1,0,0,0,121,113,4,75,0,88,6,0,0,0,104,101,105,103,104,116,113,5,75,4,117,46
128,3,125,113,0,40,88,1,0,0,0,121,113,1,75,8,88,6,0,0,0,104,101,105,103,104,116,113,2,75,7,88,2,0,0,0,105,100,113,3,75,1,88,1,0,0,0,120,113,4,75,2,88,5,0,0,0,119,105,100,116,104,113,5,75,10,117,46
128,3,125,113,0,40,88,1,0,0,0,121,113,1,75,0,88,6,0,0,0,104,101,105,103,104,116,113,2,75,4,88,2,0,0,0,105,100,113,3,75,2,88,1,0,0,0,120,113,4,75,0,88,5,0,0,0,119,105,100,116,104,113,5,75,2,117,46
128,3,125,113,0,40,88,5,0,0,0,119,105,100,116,104,113,1,75,10,88,2,0,0,0,105,100,113,2,75,1,88,6,0,0,0,104,101,105,103,104,116,113,3,75,7,88,1,0,0,0,120,113,4,75,2,88,1,0,0,0,121,113,5,75,8,117,46
128,3,125,113,0,40,88,5,0,0,0,119,105,100,116,104,113,1,75,2,88,2,0,0,0,105,100,113,2,75,2,88,6,0,0,0,104,101,105,103,104,116,113,3,75,4,88,1,0,0,0,120,113,4,75,0,88,1,0,0,0,121,113,5,75,0,117,46
128,3,125,113,0,40,88,2,0,0,0,105,100,113,1,75,1,88,1,0,0,0,121,113,2,75,8,88,6,0,0,0,104,101,105,103,104,116,113,3,75,7,88,5,0,0,0,119,105,100,116,104,113,4,75,10,88,1,0,0,0,120,113,5,75,2,117,46
128,3,125,113,0,40,88,2,0,0,0,105,100,113,1,75,2,88,1,0,0,0,121,113,2,75,0,88,6,0,0,0,104,101,105,103,104,116,113,3,75,4,88,5,0,0,0,119,105,100,116,104,113,4,75,2,88,1,0,0,0,120,113,5,75,0,117,46
128,3,125,113,0,40,88,1,0,0,0,120,113,1,75,2,88,6,0,0,0,104,101,105,103,104,116,113,2,75,7,88,2,0,0,0,105,100,113,3,75,1,88,5,0,0,0,119,105,100,116,104,113,4,75,10,88,1,0,0,0,121,113,5,75,8,117,46
128,3,125,113,0,40,88,1,0,0,0,120,113,1,75,0,88,6,0,0,0,104,101,105,103,104,116,113,2,75,4,88,2,0,0,0,105,100,113,3,75,2,88,5,0,0,0,119,105,100,116,104,113,4,75,2,88,1,0,0,0,121,113,5,75,0,117,46
128,3,125,113,0,40,88,6,0,0,0,104,101,105,103,104,116,113,1,75,7,88,1,0,0,0,120,113,2,75,2,88,1,0,0,0,121,113,3,75,8,88,2,0,0,0,105,100,113,4,75,1,88,5,0,0,0,119,105,100,116,104,113,5,75,10,117,46
128,3,125,113,0,40,88,6,0,0,0,104,101,105,103,104,116,113,1,75,4,88,1,0,0,0,120,113,2,75,0,88,1,0,0,0,121,113,3,75,0,88,2,0,0,0,105,100,113,4,75,2,88,5,0,0,0,119,105,100,116,104,113,5,75,2,117,46
128,3,125,113,0,40,88,5,0,0,0,119,105,100,116,104,113,1,75,10,88,1,0,0,0,120,113,2,75,2,88,6,0,0,0,104,101,105,103,104,116,113,3,75,7,88,1,0,0,0,121,113,4,75,8,88,2,0,0,0,105,100,113,5,75,1,117,46
128,3,125,113,0,40,88,5,0,0,0,119,105,100,116,104,113,1,75,2,88,1,0,0,0,120,113,2,75,0,88,6,0,0,0,104,101,105,103,104,116,113,3,75,4,88,1,0,0,0,121,113,4,75,0,88,2,0,0,0,105,100,113,5,75,2,117,46
128,3,125,113,0,40,88,1,0,0,0,120,113,1,75,2,88,1,0,0,0,121,113,2,75,8,88,6,0,0,0,104,101,105,103,104,116,113,3,75,7,88,5,0,0,0,119,105,100,116,104,113,4,75,10,88,2,0,0,0,105,100,113,5,75,1,117,46
128,3,125,113,0,40,88,1,0,0,0,120,113,1,75,0,88,1,0,0,0,121,113,2,75,0,88,6,0,0,0,104,101,105,103,104,116,113,3,75,4,88,5,0,0,0,119,105,100,116,104,113,4,75,2,88,2,0,0,0,105,100,113,5,75,2,117,46
128,3,125,113,0,40,88,5,0,0,0,119,105,100,116,104,113,1,75,10,88,1,0,0,0,121,113,2,75,8,88,1,0,0,0,120,113,3,75,2,88,2,0,0,0,105,100,113,4,75,1,88,6,0,0,0,104,101,105,103,104,116,113,5,75,7,117,46
128,3,125,113,0,40,88,5,0,0,0,119,105,100,116,104,113,1,75,2,88,1,0,0,0,121,113,2,75,0,88,1,0,0,0,120,113,3,75,0,88,2,0,0,0,105,100,113,4,75,2,88,6,0,0,0,104,101,105,103,104,116,113,5,75,4,117,46
